{
	"configuration": {
	"className": "com.liferay.object.admin.rest.dto.v1_0.ObjectDefinition",
	"parameters": {
		"containsHeaders": "true",
		"createStrategy": "UPSERT",
		"onErrorFail": "ON_ERROR_FAIL",
		"updateStrategy": "UPDATE"
	},
	"taskItemDelegateName": "DEFAULT"
},

	"items": [
		{
			"active": true,
			"defaultLanguageId": "en_US",
			"enableCategorization": true,
			"enableIndexSearch": true,
			"enableObjectEntryDraft": true,
			"externalReferenceCode": "D4B8_DISTRIBUTOR_APPLICATION",
			"label": {
				"en_US": "Distributor Application"
			},
			"modifiable": true,
			"name": "DistributorApplication",
			"objectActions": [],
			"objectFields": [
				{
					"DBType": "String",
					"businessType": "Picklist",
					"indexed": true,
					"indexedLanguageId": "en_US",
					"label": {
						"en_US": "Annual Purchase Volume"
					},
					"listTypeDefinitionExternalReferenceCode": "ANNUAL_PURCHASE_VOLUMES",
					"name": "annualPurchaseVolume",
					"readOnly": "false",
					"state": false,
					"type": "String"
				},
				{
					"DBType": "String",
					"businessType": "Text",
					"indexed": true,
					"indexedLanguageId": "en_US",
					"label": {
						"en_US": "Applicant Email Address"
					},
					"name": "applicantEmailAddress",
					"objectFieldSettings": [
						{
							"name": "uniqueValues",
							"value": true
						}
					],
					"readOnly": "false",
					"required": true,
					"state": false,
					"type": "String",
					"unique": true
				},
				{
					"DBType": "String",
					"businessType": "Text",
					"indexed": true,
					"indexedLanguageId": "en_US",
					"label": {
						"en_US": "Applicant Name"
					},
					"name": "applicantName",
					"readOnly": "false",
					"required": true,
					"state": false,
					"type": "String"
				},
				{
					"DBType": "String",
					"businessType": "Picklist",
					"defaultValue": "open",
					"indexed": true,
					"indexedLanguageId": "en_US",
					"label": {
						"en_US": "Application State"
					},
					"listTypeDefinitionExternalReferenceCode": "APPLICATION_STATES",
					"name": "applicationState",
					"objectFieldSettings": [
						{
							"name": "defaultValue",
							"value": "open"
						},
						{
							"name": "defaultValueType",
							"value": "inputAsValue"
						},
						{
							"name": "stateFlow",
							"value": {
								"objectStates": [
									{
										"key": "approved",
										"objectStateTransitions": [
											{
												"key": "underReview"
											}
										]
									},
									{
										"key": "denied",
										"objectStateTransitions": [
											{
												"key": "underReview"
											}
										]
									},
									{
										"key": "onHold",
										"objectStateTransitions": [
											{
												"key": "open"
											},
											{
												"key": "underReview"
											}
										]
									},
									{
										"key": "open",
										"objectStateTransitions": [
											{
												"key": "underReview"
											},
											{
												"key": "withdrawn"
											}
										]
									},
									{
										"key": "underReview",
										"objectStateTransitions": [
											{
												"key": "approved"
											},
											{
												"key": "denied"
											},
											{
												"key": "onHold"
											},
											{
												"key": "withdrawn"
											}
										]
									},
									{
										"key": "withdrawn",
										"objectStateTransitions": [
											{
												"key": "open"
											}
										]
									}
								]
							}
						}
					],
					"readOnly": "false",
					"required": true,
					"state": true,
					"type": "String"
				},
				{
					"DBType": "Long",
					"businessType": "Attachment",
					"indexed": true,
					"indexedLanguageId": "en_US",
					"label": {
						"en_US": "Business License"
					},
					"name": "businessLicense",
					"objectFieldSettings": [
						{
							"name": "acceptedFileExtensions",
							"value": "jpeg, jpg, pdf, png"
						},
						{
							"name": "fileSource",
							"value": "userComputer"
						},
						{
							"name": "maximumFileSize",
							"value": 100
						},
						{
							"name": "showFilesInDocumentsAndMedia",
							"value": true
						},
						{
							"name": "storageDLFolderPath",
							"value": "/DistributorApplication"
						}
					],
					"readOnly": "false",
					"state": false,
					"type": "Long"
				},
				{
					"DBType": "String",
					"businessType": "Text",
					"indexed": true,
					"indexedLanguageId": "en_US",
					"label": {
						"en_US": "Business Name"
					},
					"name": "businessName",
					"readOnly": "false",
					"required": true,
					"state": false,
					"type": "String"
				},
				{
					"DBType": "String",
					"businessType": "Text",
					"indexed": true,
					"indexedLanguageId": "en_US",
					"label": {
						"en_US": "Business Phone Number"
					},
					"name": "businessPhoneNumber",
					"readOnly": "false",
					"state": false,
					"type": "String"
				},
				{
					"DBType": "String",
					"businessType": "Text",
					"indexed": true,
					"indexedLanguageId": "en_US",
					"label": {
						"en_US": "Business Tax ID Number"
					},
					"name": "businessTaxIDNumber",
					"readOnly": "false",
					"required": true,
					"state": false,
					"type": "String",
					"unique": true
				},
				{
					"DBType": "String",
					"businessType": "Text",
					"indexed": true,
					"indexedLanguageId": "en_US",
					"label": {
						"en_US": "Business Website URL"
					},
					"name": "businessWebsiteURL",
					"readOnly": "false",
					"state": false,
					"type": "String"
				},
				{
					"DBType": "Clob",
					"businessType": "LongText",
					"indexed": true,
					"indexedLanguageId": "en_US",
					"label": {
						"en_US": "Comments"
					},
					"name": "comments",
					"objectFieldSettings": [
						{
							"name": "showCounter",
							"value": false
						}
					],
					"readOnly": "false",
					"state": false,
					"type": "Clob"
				},
				{
					"DBType": "String",
					"businessType": "MultiselectPicklist",
					"indexed": true,
					"indexedLanguageId": "en_US",
					"label": {
						"en_US": "Distribution Channels"
					},
					"listTypeDefinitionExternalReferenceCode": "DISTRIBUTION_CHANNELS",
					"name": "distributionChannels",
					"readOnly": "false",
					"state": false,
					"type": "String"
				},
				{
					"DBType": "String",
					"businessType": "MultiselectPicklist",
					"indexed": true,
					"indexedLanguageId": "en_US",
					"label": {
						"en_US": "Distribution Regions"
					},
					"listTypeDefinitionExternalReferenceCode": "DISTRIBUTION_REGIONS",
					"name": "distributionRegions",
					"readOnly": "false",
					"state": false,
					"type": "String"
				},
				{
					"DBType": "String",
					"businessType": "MultiselectPicklist",
					"indexed": true,
					"indexedLanguageId": "en_US",
					"label": {
						"en_US": "Products of Interest"
					},
					"listTypeDefinitionExternalReferenceCode": "PRODUCT_TYPES",
					"name": "productsOfInterest",
					"readOnly": "false",
					"state": false,
					"type": "String"
				}
			],
			"objectFolderExternalReferenceCode": "default",
			"objectLayouts": [
				{
					"defaultObjectLayout": true,
					"name": {
						"en_US": "Basic Layout"
					},
					"objectDefinitionExternalReferenceCode": "D4B8_DISTRIBUTOR_APPLICATION",
					"objectLayoutTabs": [
						{
							"name": {
								"en_US": "Application"
							},
							"objectLayoutBoxes": [
								{
									"collapsable": false,
									"name": {
										"en_US": "General Details"
									},
									"objectLayoutRows": [
										{
											"objectLayoutColumns": [
												{
													"objectFieldName": "applicantName",
													"priority": 0,
													"size": 6
												},
												{
													"objectFieldName": "applicantEmailAddress",
													"priority": 0,
													"size": 6
												}
											],
											"priority": 0
										},
										{
											"objectLayoutColumns": [
												{
													"objectFieldName": "businessName",
													"priority": 0,
													"size": 6
												},
												{
													"objectFieldName": "businessWebsiteURL",
													"priority": 0,
													"size": 6
												}
											],
											"priority": 0
										},
										{
											"objectLayoutColumns": [
												{
													"objectFieldName": "businessPhoneNumber",
													"priority": 0,
													"size": 6
												},
												{
													"objectFieldName": "businessTaxIDNumber",
													"priority": 0,
													"size": 6
												}
											],
											"priority": 0
										},
										{
											"objectLayoutColumns": [
												{
													"objectFieldName": "applicationState",
													"priority": 0,
													"size": 6
												}
											],
											"priority": 0
										}
									],
									"priority": 0,
									"type": "regular"
								}
							],
							"priority": 0
						},
						{
							"name": {
								"en_US": "Evaluations"
							},
							"objectRelationshipExternalReferenceCode": "APPLICATION_TO_EVALUATIONS",
							"priority": 0
						}
					]
				}
			],
			"objectRelationships": [
				{
					"deletionType": "cascade",
					"externalReferenceCode": "APPLICATION_TO_EVALUATIONS",
					"label": {
						"en_US": "Application to Evaluations"
					},
					"name": "applicationToEvaluations",
					"objectDefinitionExternalReferenceCode1": "D4B8_DISTRIBUTOR_APPLICATION",
					"objectDefinitionExternalReferenceCode2": "D4B8_APPLICATION_EVALUATION",
					"objectField": {
						"DBType": "Long",
						"businessType": "Relationship",
						"indexed": true,
						"indexedAsKeyword": false,
						"indexedLanguageId": "en_US",
						"label": {
							"en_US": "Application to Evaluations"
						},
						"name": "r_applicationToEvaluations_c_distributorApplicationId",
						"objectDefinitionExternalReferenceCode1": "D4B8_DISTRIBUTOR_APPLICATION",
						"objectFieldSettings": [
							{
								"name": "objectDefinition1ShortName",
								"value": "DistributorApplication"
							},
							{
								"name": "objectRelationshipERCObjectFieldName",
								"value": "r_applicationToEvaluations_c_distributorApplicationERC"
							}
						],
						"objectRelationshipExternalReferenceCode": "APPLICATION_TO_EVALUATIONS",
						"readOnly": "false",
						"relationshipType": "oneToMany",
						"required": true,
						"state": false,
						"system": false,
						"type": "Long"
					},
					"type": "oneToMany"
				}
			],
			"objectValidationRules": [
				{
					"active": true,
					"engine": "ddm",
					"engineLabel": "Expression Builder",
					"errorLabel": {
						"en_US": "Please enter a valid applicant email address."
					},
					"name": {
						"en_US": "Email Address, applicantEmailAddress"
					},
					"objectDefinitionExternalReferenceCode": "D4B8_DISTRIBUTOR_APPLICATION",
					"outputType": "fullValidation",
					"script": "isEmailAddress(applicantEmailAddress) OR applicantEmailAddress == \"\""
				},
				{
					"active": true,
					"engine": "ddm",
					"engineLabel": "Expression Builder",
					"errorLabel": {
						"en_US": "Please enter a valid business phone number."
					},
					"name": {
						"en_US": "Phone Number, businessPhoneNumber"
					},
					"objectDefinitionExternalReferenceCode": "D4B8_DISTRIBUTOR_APPLICATION",
					"outputType": "fullValidation",
					"script": "match(businessPhoneNumber, \"^(\\+\\d{1,3} ?)?((\\(\\d{1,3}\\))|\\d{1,3})[- .]?\\d{3,4}[- .]?\\d{4}$\") OR businessPhoneNumber == \"\""
				},
				{
					"active": true,
					"engine": "ddm",
					"engineLabel": "Expression Builder",
					"errorLabel": {
						"en_US": "Please enter a valid website URL."
					},
					"name": {
						"en_US": "URL, businessWebsiteURL"
					},
					"objectDefinitionExternalReferenceCode": "D4B8_DISTRIBUTOR_APPLICATION",
					"outputType": "fullValidation",
					"script": "isURL(businessWebsiteURL) OR businessWebsiteURL == \"\""
				}
			],
			"objectViews": [
				{
					"defaultObjectView": true,
					"name": {
						"en_US": "Basic View"
					},
					"objectDefinitionExternalReferenceCode": "D4B8_DISTRIBUTOR_APPLICATION",
					"objectViewColumns": [
						{
							"label": {
								"en_US": "ID"
							},
							"objectFieldName": "id",
							"priority": 0
						},
						{
							"label": {
								"en_US": "Applicant Name"
							},
							"objectFieldName": "applicantName",
							"priority": 1
						},
						{
							"label": {
								"en_US": "Business Name"
							},
							"objectFieldName": "businessName",
							"priority": 2
						},
						{
							"label": {
								"en_US": "Create Date"
							},
							"objectFieldName": "createDate",
							"priority": 3
						},
						{
							"label": {
								"en_US": "Application State"
							},
							"objectFieldName": "applicationState",
							"priority": 4
						},
						{
							"label": {
								"en_US": "Status"
							},
							"objectFieldName": "status",
							"priority": 5
						}
					]
				}
			],
			"panelCategoryKey": "applications_menu.applications.content",
			"pluralLabel": {
				"en_US": "Distributor Applications"
			},
			"restContextPath": "/o/c/distributorapplications",
			"scope": "company",
			"status": {
				"code": 0,
				"label": "approved",
				"label_i18n": "Approved"
			},
			"titleObjectFieldName": "businessName"
		},
		{
			"active": true,
			"defaultLanguageId": "en_US",
			"enableCategorization": true,
			"enableComments": true,
			"externalReferenceCode": "D4B8_APPLICATION_EVALUATION",
			"label": {
				"en_US": "Application Evaluation"
			},
			"modifiable": true,
			"name": "ApplicationEvaluation",
			"objectFields": [
				{
					"DBType": "Long",
					"businessType": "Relationship",
					"indexed": true,
					"indexedAsKeyword": false,
					"indexedLanguageId": "en_US",
					"label": {
						"en_US": "Application to Evaluations"
					},
					"name": "r_applicationToEvaluations_c_distributorApplicationId",
					"objectDefinitionExternalReferenceCode1": "D4B8_DISTRIBUTOR_APPLICATION",
					"objectFieldSettings": [
						{
							"name": "objectDefinition1ShortName",
							"value": "DistributorApplication"
						},
						{
							"name": "objectRelationshipERCObjectFieldName",
							"value": "r_applicationToEvaluations_c_distributorApplicationERC"
						}
					],
					"objectRelationshipExternalReferenceCode": "APPLICATION_TO_EVALUATIONS",
					"readOnly": "false",
					"relationshipType": "oneToMany",
					"required": true,
					"state": false,
					"system": false,
					"type": "Long"
				},
				{
					"DBType": "String",
					"businessType": "Picklist",
					"indexed": true,
					"indexedAsKeyword": false,
					"indexedLanguageId": "en_US",
					"label": {
						"en_US": "Assessment Score"
					},
					"listTypeDefinitionExternalReferenceCode": "ASSESSMENT_SCORES",
					"name": "assessmentScore",
					"readOnly": "false",
					"required": false,
					"state": false,
					"system": false,
					"type": "String"
				},
				{
					"DBType": "Long",
					"businessType": "Attachment",
					"indexed": true,
					"indexedAsKeyword": false,
					"indexedLanguageId": "en_US",
					"label": {
						"en_US": "Attachment"
					},
					"name": "attachment",
					"objectFieldSettings": [
						{
							"name": "acceptedFileExtensions",
							"value": "jpeg, jpg, pdf, png"
						},
						{
							"name": "fileSource",
							"value": "userComputer"
						},
						{
							"name": "maximumFileSize",
							"value": 100
						},
						{
							"name": "showFilesInDocumentsAndMedia",
							"value": false
						}
					],
					"readOnly": "false",
					"required": false,
					"state": false,
					"system": false,
					"type": "Long"
				},
				{
					"DBType": "String",
					"businessType": "Picklist",
					"indexed": true,
					"indexedAsKeyword": false,
					"indexedLanguageId": "en_US",
					"label": {
						"en_US": "Decision"
					},
					"listTypeDefinitionExternalReferenceCode": "DECISIONS",
					"name": "decision",
					"readOnly": "false",
					"required": false,
					"state": false,
					"system": false,
					"type": "String"
				},
				{
					"DBType": "Clob",
					"businessType": "RichText",
					"indexed": true,
					"indexedAsKeyword": false,
					"indexedLanguageId": "en_US",
					"label": {
						"en_US": "Interview Notes"
					},
					"name": "interviewNotes",
					"readOnly": "false",
					"required": false,
					"state": false,
					"system": false,
					"type": "Clob"
				},
				{
					"DBType": "Clob",
					"businessType": "RichText",
					"indexed": true,
					"indexedAsKeyword": false,
					"indexedLanguageId": "en_US",
					"label": {
						"en_US": "Recommendation Comments"
					},
					"name": "recommendationComments",
					"readOnly": "false",
					"required": false,
					"state": false,
					"system": false,
					"type": "Clob"
				},
				{
					"DBType": "String",
					"businessType": "MultiselectPicklist",
					"indexed": true,
					"indexedAsKeyword": false,
					"indexedLanguageId": "en_US",
					"label": {
						"en_US": "Recommendations"
					},
					"listTypeDefinitionExternalReferenceCode": "RECOMMENDATIONS",
					"name": "recommendations",
					"readOnly": "false",
					"required": false,
					"state": false,
					"system": false,
					"type": "String"
				}
			],
			"objectFolderExternalReferenceCode": "default",
			"panelCategoryKey": "applications_menu.applications.content",
			"pluralLabel": {
				"en_US": "Application Evaluations"
			},
			"restContextPath": "/o/c/applicationevaluations",
			"scope": "company",
			"status": {
				"code": 0,
				"label": "approved",
				"label_i18n": "Approved"
			},
			"titleObjectFieldName": "creator"
		}
	]
}