{
  "com.liferay.oauth2.provider.configuration.OAuth2ProviderApplicationHeadlessServerConfiguration~clarity-distributor-mgmt-batch-oauth-application-headless-server" : {
    ".serviceAddress" : "localhost:8080",
    ".serviceScheme" : "http",
    ":configurator:policy" : "force",
    "baseURL" : "${portalURL}/o/clarity-distributor-mgmt-batch",
    "buildTimestamp" : 1749493399962,
    "description" : "",
    "dxp.lxc.liferay.com.virtualInstanceId" : "default",
    "homePageURL" : "$[conf:.serviceScheme]://$[conf:.serviceAddress]",
    "name" : "Clarity Distributor Management Batch OAuth Application Headless Server",
    "projectId" : "claritydistributormgmtbatch",
    "projectName" : "clarity-distributor-mgmt-batch",
    "properties" : [ ],
    "scopes" : [ "c_distributorapplication.everything", "Liferay.Headless.Admin.List.Type.everything", "Liferay.Headless.Admin.User.everything", "Liferay.Headless.Admin.Workflow.everything", "Liferay.Headless.Batch.Engine.everything", "Liferay.Object.Admin.REST.everything" ],
    "sourceCodeURL" : "",
    "type" : "oAuthApplicationHeadlessServer",
    "typeSettings" : [ ".serviceAddress=localhost:8080", ".serviceScheme=http", "scopes=c_distributorapplication.everything\nLiferay.Headless.Admin.List.Type.everything\nLiferay.Headless.Admin.User.everything\nLiferay.Headless.Admin.Workflow.everything\nLiferay.Headless.Batch.Engine.everything\nLiferay.Object.Admin.REST.everything" ],
    "webContextPath" : "/clarity-distributor-mgmt-batch"
  }
}