{
  "com.liferay.oauth2.provider.configuration.OAuth2ProviderApplicationUserAgentConfiguration~clarity-distributor-mgmt-action-oauth-application-user-agent" : {
    ".serviceAddress" : "localhost:58081",
    ".serviceScheme" : "http",
    ":configurator:policy" : "force",
    "baseURL" : "${portalURL}/o/clarity-distributor-mgmt-action",
    "buildTimestamp" : 1749493419971,
    "description" : "",
    "dxp.lxc.liferay.com.virtualInstanceId" : "default",
    "homePageURL" : "$[conf:.serviceScheme]://$[conf:.serviceAddress]",
    "name" : "Clarity Distributor Mgmt Action OAuth Application User Agent",
    "projectId" : "claritydistributormgmtaction",
    "projectName" : "clarity-distributor-mgmt-action",
    "properties" : [ ],
    "scopes" : [ "Liferay.Headless.Admin.User.everything" ],
    "sourceCodeURL" : "",
    "type" : "oAuthApplicationUserAgent",
    "typeSettings" : [ ".serviceAddress=localhost:58081", ".serviceScheme=http", "scopes=Liferay.Headless.Admin.User.everything" ],
    "webContextPath" : "/clarity-distributor-mgmt-action"
  },
  "com.liferay.object.internal.configuration.FunctionObjectActionExecutorImplConfiguration~clarity-distributor-mgmt-create-account-action" : {
    ":configurator:policy" : "force",
    "baseURL" : "${portalURL}/o/clarity-distributor-mgmt-action",
    "buildTimestamp" : 1749493419971,
    "description" : "",
    "dxp.lxc.liferay.com.virtualInstanceId" : "default",
    "name" : "Clarity Distributor Mgmt Create Account Action",
    "oAuth2ApplicationExternalReferenceCode" : "clarity-distributor-mgmt-action-oauth-application-user-agent",
    "projectId" : "claritydistributormgmtaction",
    "projectName" : "clarity-distributor-mgmt-action",
    "properties" : [ ],
    "resourcePath" : "/object/action/account",
    "sourceCodeURL" : "",
    "type" : "objectAction",
    "typeSettings" : [ "oAuth2ApplicationExternalReferenceCode=clarity-distributor-mgmt-action-oauth-application-user-agent", "resourcePath=/object/action/account" ],
    "webContextPath" : "/clarity-distributor-mgmt-action"
  }
}